{"_runtime":54.6253187,"_step":0,"_wandb":{"runtime":54},"training_score":0.8580403186735385,"_timestamp":1.7306611544294102e+09}