{"predictions":{"prediction":{"0":2.73,"1":2.03,"2":2.78,"3":4.27,"4":3.93}},"_wandb":{"runtime":0},"_timestamp":1.7307508372549605e+09,"_runtime":0.7084535,"_step":0}