{"_runtime":55.6479721,"_step":0,"_wandb":{"runtime":55},"training_score":0.8580403186735385,"_timestamp":1.7307509979604573e+09}