{"_runtime":54.6447815,"_step":0,"_wandb":{"runtime":54},"training_score":0.8580403186735385,"_timestamp":1.730662788572333e+09}