{"_step":0,"training_score":0.00019742966003488682,"_timestamp":1.7307509401308231e+09,"_wandb":{"runtime":0},"_runtime":0.7566758}