{"training_score":0.8580403186735385,"_timestamp":1.7307508257482498e+09,"_runtime":55.8746015,"_step":0,"_wandb":{"runtime":55}}