{"_step":0,"predictions":{"prediction":{"0":3.1165,"1":2.9412999999999987,"2":2.9161999999999995,"3":3.1512999999999995,"4":3.1003000000000007}},"_timestamp":1.7307508455774913e+09,"_wandb":{"runtime":1},"_runtime":1.4715974}