{"_timestamp":1.7307509374436252e+09,"_runtime":1.5477180000000001,"_step":0,"_wandb":{"runtime":1},"training_score":1}