{"training_score":1,"_wandb":{"runtime":1},"_timestamp":1.730662729119604e+09,"_runtime":1.5606271,"_step":0}