{"_timestamp":1.7306610975581186e+09,"_runtime":0.7466706,"_step":0,"_wandb":{"runtime":0},"training_score":0.00019742966003488682}