{"_step":0,"training_score":0.00019742966003488682,"_timestamp":1.7307507676813297e+09,"_runtime":0.7779107,"_wandb":{"runtime":0}}