{"training_score":1,"_timestamp":1.730660636754244e+09,"_wandb":{"runtime":2},"_runtime":1.6046141999999999,"_step":0}