{"_wandb":{"runtime":1},"Root Means Square Error":1.647604401345582,"_timestamp":1.7307510282470143e+09,"_runtime":1.459571,"_step":1,"R^2":-1.0535776485271064}