{"_wandb":{"runtime":0},"_timestamp":1.7306627317190742e+09,"_runtime":0.7411844,"_step":0,"training_score":0.00019742966003488682}