{"training_score":1,"_timestamp":1.7307505824704292e+09,"_wandb":{"runtime":1},"_runtime":1.7613121999999999,"_step":0}