{"_runtime":1.5212249,"R^2":-0.01804326622651642,"_wandb":{"runtime":1},"_step":1,"Root Means Square Error":1.647604401345582,"_timestamp":1.7307510357460022e+09}