{"training_score":0.8580403186735385,"_timestamp":1.7306601557134762e+09,"_runtime":56.5663411,"_step":0,"_wandb":{"runtime":69}}