{"R^2":-0.00043495322126863023,"_wandb":{"runtime":1},"Root Means Square Error":1.149984025071542,"_timestamp":1.7307510316418989e+09,"_runtime":1.1239063,"_step":1}