{"_runtime":0.6973336,"_step":0,"_wandb":{"runtime":0},"predictions":{"prediction":{"2":2.996263990310312,"3":3.027605930093886,"4":2.9859725711343166,"0":3.016065185237781,"1":3.020948239347456}},"_timestamp":1.7307508404075856e+09}