{"_timestamp":1.7307505852934732e+09,"_runtime":0.9306587,"_step":0,"training_score":0.00019742966003488682,"_wandb":{"runtime":0}}