{"_step":0,"_wandb":{"runtime":1},"training_score":1,"_timestamp":1.7306610321825984e+09,"_runtime":1.503638}