{"predictions":{"prediction":{"1":2.03,"2":2.78,"3":4.27,"4":3.93,"0":2.73}},"_timestamp":1.7307510093787975e+09,"_runtime":0.7038906,"_step":0,"_wandb":{"runtime":0}}