{"_step":0,"predictions":{"prediction":{"3":3.1512999999999995,"4":3.1003000000000007,"0":3.1165,"1":2.9412999999999987,"2":2.9161999999999995}},"_wandb":{"runtime":1},"_timestamp":1.7307510210570185e+09,"_runtime":1.5527514999999998}