{"_step":0,"training_score":0.8580403186735385,"_wandb":{"runtime":55},"_timestamp":1.7307506429275243e+09,"_runtime":55.3134915}