{"_wandb":{"runtime":1},"_timestamp":1.7306610949529312e+09,"_runtime":1.6041063,"_step":0,"training_score":1}