{"training_score":1,"_timestamp":1.7307507649219868e+09,"_runtime":1.7454952000000001,"_step":0,"_wandb":{"runtime":1}}